id,title,status,created,updated,tags,source_id,chapter,page,kindle_location,screenshot_file,evidence_category,confidence,claim,summary,evidence_note,limitations,creative_use,people,events,places,organizations,themes,related_fact_cards,related_questions
FACT_MEXEMP_2280,4月27日未明、帝政側の攻撃開始合図が出された,draft,2026-06-10,2026-06-10,fact-card;chapter2;mexemp;shawcross,SRC_SHAWCROSS_2022_LAST_EMPEROR_MEXICO,Chapter 2 THE ARCHDUKE AND THE PRINCESS / 9 UNDER SIEGE,Kindle PC 285/400,No.4026/7062,スクリーンショット 2026-05-31 13.11.24.png,historical_fact,probable,91枚目末尾から続く叙述では、敵陣で起床ラッパが鳴る中、帝政側の攻撃合図が出され、両軍砲兵が交戦を始めた。,91枚目末尾から続く叙述では、敵陣で起床ラッパが鳴る中、帝政側の攻撃合図が出され、両軍砲兵が交戦を始めた。,Source note: reveille Japanese note: 91枚目末尾のAsからの接続箇所。,Cautions: 具体時刻は本文だけでは未確定。 Verification needed: yes.,未明の緊迫した攻撃開始場面に使える。,Maximilian; Miguel Miramón,attempted breakout from Querétaro,Querétaro,imperial army; republican forces,siege warfare; military assault,,
FACT_MEXEMP_2281,帝政側は騎兵とErnst Pitner率いる歩兵の二列で共和派線へ突入した,draft,2026-06-10,2026-06-10,fact-card;chapter2;mexemp;shawcross,SRC_SHAWCROSS_2022_LAST_EMPEROR_MEXICO,Chapter 2 THE ARCHDUKE AND THE PRINCESS / 9 UNDER SIEGE,Kindle PC 285/400,No.4026/7062,スクリーンショット 2026-05-31 13.11.24.png,historical_fact,probable,帝政側は煙の中から、騎兵部隊とErnst Pitner率いる歩兵部隊の二つの縦隊で共和派陣線へ突入した。,帝政側は煙の中から、騎兵部隊とErnst Pitner率いる歩兵部隊の二つの縦隊で共和派陣線へ突入した。,Source note: Ernst Pitner Japanese note: 攻撃部隊の構成。,Cautions: Pitnerの身分・役割は別途確認。 Verification needed: yes.,戦場の視覚描写に使える。,Ernst Pitner; Miguel Miramón,attempted breakout from Querétaro,Querétaro,imperial army; republican forces,infantry; cavalry; siege warfare,,
FACT_MEXEMP_2282,共和派部隊は奇襲と側面攻撃で一時的に崩れた,draft,2026-06-10,2026-06-10,fact-card;chapter2;mexemp;shawcross,SRC_SHAWCROSS_2022_LAST_EMPEROR_MEXICO,Chapter 2 THE ARCHDUKE AND THE PRINCESS / 9 UNDER SIEGE,Kindle PC 285/400,No.4026/7062,スクリーンショット 2026-05-31 13.11.24.png,historical_fact,probable,共和派部隊は帝政側の奇襲と側面攻撃を受け、一時的に崩れて退却した。,共和派部隊は帝政側の奇襲と側面攻撃を受け、一時的に崩れて退却した。,Source note: outflanked Japanese note: 帝政側攻撃の初動成功。,Cautions: 共和派側史料で被害・退却規模を確認したい。 Verification needed: yes.,希望が一瞬だけ開ける場面として使える。,Ramón Corona; Miguel Miramón,attempted breakout from Querétaro,Querétaro,republican forces; imperial army,battlefield reversal,,
FACT_MEXEMP_2283,Coronaは自陣を蹂躙され兵を散乱させられた,draft,2026-06-10,2026-06-10,fact-card;chapter2;mexemp;shawcross,SRC_SHAWCROSS_2022_LAST_EMPEROR_MEXICO,Chapter 2 THE ARCHDUKE AND THE PRINCESS / 9 UNDER SIEGE,Kindle PC 285/400,No.4026/7062,スクリーンショット 2026-05-31 13.11.24.png,historical_fact,probable,Shawcrossの叙述では、共和派側の副司令官Coronaは自陣を蹂躙され、兵士を完全に散乱させられた。,Shawcrossの叙述では、共和派側の副司令官Coronaは自陣を蹂躙され、兵士を完全に散乱させられた。,Source note: General Corona Japanese note: Coronaは共和派側の第二指揮官として言及される。,Cautions: 完全に散乱という表現はShawcross叙述に依存。 Verification needed: yes.,共和派側にも一時的混乱が生じた描写に使える。,Ramón Corona,attempted breakout from Querétaro,Querétaro,republican forces; liberal forces,command disruption,,
FACT_MEXEMP_2284,帝政側は砲・捕虜・弾薬・食糧を奪取した,draft,2026-06-10,2026-06-10,fact-card;chapter2;mexemp;shawcross,SRC_SHAWCROSS_2022_LAST_EMPEROR_MEXICO,Chapter 2 THE ARCHDUKE AND THE PRINCESS / 9 UNDER SIEGE,Kindle PC 285/400,No.4026/7062,スクリーンショット 2026-05-31 13.11.24.png,historical_fact,probable,帝政側は攻撃成功により、二十門の砲、多数の捕虜、弾薬、食糧を奪取した。,帝政側は攻撃成功により、二十門の砲、多数の捕虜、弾薬、食糧を奪取した。,Source note: twenty guns Japanese note: 食糧と弾薬の獲得が特に重要とされる。,Cautions: 数量は別史料で確認。 Verification needed: yes.,飢餓包囲下での一時的成功として使える。,Miguel Miramón,attempted breakout from Querétaro,Querétaro,imperial army; republican forces,captured supplies; siege logistics,,
FACT_MEXEMP_2285,飢えたQuerétaro住民は放棄された共和派線で食糧を奪った,draft,2026-06-10,2026-06-10,fact-card;chapter2;mexemp;shawcross,SRC_SHAWCROSS_2022_LAST_EMPEROR_MEXICO,Chapter 2 THE ARCHDUKE AND THE PRINCESS / 9 UNDER SIEGE,Kindle PC 285/400,No.4026/7062,スクリーンショット 2026-05-31 13.11.24.png,historical_fact,probable,飢餓状態のQuerétaro住民は、放棄された共和派陣地へ走り、残されていた食糧を奪った。,飢餓状態のQuerétaro住民は、放棄された共和派陣地へ走り、残されていた食糧を奪った。,Source note: starved townspeople Japanese note: 包囲戦が民間人飢餓を生んでいたことを示す。,Cautions: 住民行動の規模は未確認。 Verification needed: yes.,市民視点の包囲描写に有用。,,Siege of Querétaro,Querétaro,townspeople of Querétaro; republican forces,civilian suffering; starvation,,
FACT_MEXEMP_2286,Maximilianは修道院から戦場へ到着しMiramónを祝福した,draft,2026-06-10,2026-06-10,fact-card;chapter2;mexemp;shawcross,SRC_SHAWCROSS_2022_LAST_EMPEROR_MEXICO,Chapter 2 THE ARCHDUKE AND THE PRINCESS / 9 UNDER SIEGE,Kindle PC 285/400,No.4026/7062,スクリーンショット 2026-05-31 13.11.24.png,historical_fact,probable,Maximilianは修道院で知らせを待っていたが、勝利の知らせを受けて現場へ向かい、Miramónを祝福して占拠された敵線を視察した。,Maximilianは修道院で知らせを待っていたが、勝利の知らせを受けて現場へ向かい、Miramónを祝福して占拠された敵線を視察した。,Source note: convent Japanese note: Maximilianは戦闘直後の占領線を視察した。,Cautions: 修道院の具体名はこのページだけでは不明。 Verification needed: yes.,皇帝が勝利に乗り出す場面に使える。,Maximilian; Miguel Miramón,attempted breakout from Querétaro,Querétaro; convent,imperial army,imperial leadership; battlefield inspection,,
FACT_MEXEMP_2287,Miramónは兵士に皇帝万歳を叫ばせた,draft,2026-06-10,2026-06-10,fact-card;chapter2;mexemp;shawcross,SRC_SHAWCROSS_2022_LAST_EMPEROR_MEXICO,Chapter 2 THE ARCHDUKE AND THE PRINCESS / 9 UNDER SIEGE,Kindle PC 285/400,No.4026/7062,スクリーンショット 2026-05-31 13.11.24.png,primary_testimony,probable,勝利直後、Miramónは兵士たちへ呼びかけ、Maximilianへの歓呼を引き出した。,勝利直後、Miramónは兵士たちへ呼びかけ、Maximilianへの歓呼を引き出した。,Source note: Soldiers Japanese note: 演説・歓呼の場面。,Cautions: 発言再現は原典未確認。自由な民意ではなく軍内儀礼として扱う。 Verification needed: yes.,儀礼的な忠誠演出として使える。,Miguel Miramón; Maximilian,attempted breakout from Querétaro,Querétaro,imperial army; imperialistas,military morale; imperial ritual,,
FACT_MEXEMP_2288,初動勝利によりMexico Cityへの道が一時的に開いた,draft,2026-06-10,2026-06-10,fact-card;chapter2;mexemp;shawcross,SRC_SHAWCROSS_2022_LAST_EMPEROR_MEXICO,Chapter 2 THE ARCHDUKE AND THE PRINCESS / 9 UNDER SIEGE,Kindle PC 285/400,No.4026/7062,スクリーンショット 2026-05-31 13.11.24.png,historical_fact,probable,Miramónの勝利により、Querétaro南方の丘陵が一時的に開け、Escobedoの再配置までには時間がかかるため、Mexico Cityへの脱出路が開いたと判断された。,Miramónの勝利により、Querétaro南方の丘陵が一時的に開け、Escobedoの再配置までには時間がかかるため、Mexico Cityへの脱出路が開いたと判断された。,Source note: road to Mexico City Japanese note: 勝機が一時的に生じた場面。,Cautions: 実際に突破可能だったかは別途検証が必要。 Verification needed: yes.,今なら逃げられるという緊張を作れる。,Miguel Miramón; Mariano Escobedo,attempted breakout from Querétaro,Querétaro; Mexico City,imperial army; republican forces,escape route; siege warfare,,
FACT_MEXEMP_2289,Miramónは即時脱出より側面確保を優先した,draft,2026-06-10,2026-06-10,fact-card;chapter2;mexemp;shawcross,SRC_SHAWCROSS_2022_LAST_EMPEROR_MEXICO,Chapter 2 THE ARCHDUKE AND THE PRINCESS / 9 UNDER SIEGE,Kindle PC 285/400,No.4026/7062,スクリーンショット 2026-05-31 13.11.24.png,historical_fact,probable,Miramónはすぐに脱出せず、脱出前に側面を確保するため部隊再編を行った。,Miramónはすぐに脱出せず、脱出前に側面を確保するため部隊再編を行った。,Source note: secure the flanks Japanese note: 勝機を逃した可能性のある判断。,Cautions: 後知恵での失策評価にならないよう注意。 Verification needed: yes.,戦術判断の迷い・慎重さ・遅延として描ける。,Miguel Miramón,attempted breakout from Querétaro,Querétaro,imperial army,tactical delay; command decision,,
FACT_MEXEMP_2290,Escobedoは破れた共和派線をふさぐため大部隊を派遣した,draft,2026-06-10,2026-06-10,fact-card;chapter2;mexemp;shawcross,SRC_SHAWCROSS_2022_LAST_EMPEROR_MEXICO,Chapter 2 THE ARCHDUKE AND THE PRINCESS / 9 UNDER SIEGE,Kindle PC 285/400,No.4026/7062,スクリーンショット 2026-05-31 13.11.24.png,historical_fact,probable,Miramónが再編している間、Escobedoは共和派線の穴をふさぐため、Supremos Poderesを含む多数の兵を回り込ませた。,Miramónが再編している間、Escobedoは共和派線の穴をふさぐため、Supremos Poderesを含む多数の兵を回り込ませた。,Source note: Supremos Poderes Japanese note: Escobedoの迅速な再配置。,Cautions: Supremos Poderesの性格・正式名称を確認。 Verification needed: yes.,共和派側の統制力を示す場面に使える。,Mariano Escobedo; Benito Juárez,attempted breakout from Querétaro,Querétaro,republican forces; Supremos Poderes; Juárez’s personal guard,republican countermeasure; command response,,
FACT_MEXEMP_2291,Maximilianは自ら進軍を率いることを決めた,draft,2026-06-10,2026-06-10,fact-card;chapter2;mexemp;shawcross,SRC_SHAWCROSS_2022_LAST_EMPEROR_MEXICO,Chapter 2 THE ARCHDUKE AND THE PRINCESS / 9 UNDER SIEGE,Kindle PC 285/400,No.4026/7062,スクリーンショット 2026-05-31 13.11.24.png,historical_fact,probable,Miramónの準備後、Maximilianは自ら進軍を率いることを決め、Miramónを右、Salm-Salmを左に置いて高地へ進んだ。,Miramónの準備後、Maximilianは自ら進軍を率いることを決め、Miramónを右、Salm-Salmを左に置いて高地へ進んだ。,Source note: lead the march Japanese note: 皇帝自らの前線行動。,Cautions: 勇気と軍事的能力は区別する。 Verification needed: yes.,勇敢さと危うさを同時に描ける。,Maximilian; Miguel Miramón; Prince Felix Salm-Salm,attempted breakout from Querétaro,Querétaro,imperial army,imperial leadership; battlefield command,,
FACT_MEXEMP_2292,Escobedo軍は高地で防御態勢を整えた,draft,2026-06-10,2026-06-10,fact-card;chapter2;mexemp;shawcross,SRC_SHAWCROSS_2022_LAST_EMPEROR_MEXICO,Chapter 2 THE ARCHDUKE AND THE PRINCESS / 9 UNDER SIEGE,Kindle PC 285/400,No.4026/7062,スクリーンショット 2026-05-31 13.11.24.png,historical_fact,probable,帝政側が坂を上る途中、Escobedoの兵が頂上部に現れ、防御態勢を整えた。,帝政側が坂を上る途中、Escobedoの兵が頂上部に現れ、防御態勢を整えた。,Source note: crest Japanese note: 高地を押さえた共和派側の再防御。,Cautions: 地形名は次資料で確認。 Verification needed: yes.,地形優位を示す戦闘描写に使える。,Mariano Escobedo,attempted breakout from Querétaro,Querétaro,republican forces; imperial army,high ground; defensive position,,
FACT_MEXEMP_2293,共和派側の一斉射撃と騎兵側面攻撃が帝政側前進を止めた,draft,2026-06-10,2026-06-10,fact-card;chapter2;mexemp;shawcross,SRC_SHAWCROSS_2022_LAST_EMPEROR_MEXICO,Chapter 2 THE ARCHDUKE AND THE PRINCESS / 9 UNDER SIEGE,Kindle PC 285/400,No.4026/7062,スクリーンショット 2026-05-31 13.11.24.png,historical_fact,probable,共和派側は一斉射撃と騎兵の側面攻撃により、帝政側の前進を停止させた。,共和派側は一斉射撃と騎兵の側面攻撃により、帝政側の前進を停止させた。,Source note: tremendous volley Japanese note: 第二段階の帝政側攻撃は失敗。,Cautions: 共和派側の兵力・配置は要確認。 Verification needed: yes.,勝利から敗走への反転場面に使える。,Maximilian; Mariano Escobedo,attempted breakout from Querétaro,Querétaro,republican forces; imperial army,volley fire; cavalry; failed assault,,
FACT_MEXEMP_2294,Salm-SalmはMaximilianに退却を求めた,draft,2026-06-10,2026-06-10,fact-card;chapter2;mexemp;shawcross,SRC_SHAWCROSS_2022_LAST_EMPEROR_MEXICO,Chapter 2 THE ARCHDUKE AND THE PRINCESS / 9 UNDER SIEGE,Kindle PC 285/400,No.4026/7062,スクリーンショット 2026-05-31 13.11.24.png,primary_testimony,probable,前進が止まる中、Salm-SalmはMaximilianの腕をつかんで退却を求め、Maximilianは不本意ながら退却した。,前進が止まる中、Salm-SalmはMaximilianの腕をつかんで退却を求め、Maximilianは不本意ながら退却した。,Source note: insisted on retreat Japanese note: Salm-Salm視点を含む可能性が高い。,Cautions: 回想由来なら自己正当化の可能性あり。 Verification needed: yes.,皇帝を引き戻す側近の場面に使える。,Maximilian; Prince Felix Salm-Salm,attempted breakout from Querétaro,Querétaro,imperial army,battlefield retreat; personal intervention,,
FACT_MEXEMP_2295,Salm-Salmは退却時の混乱を記録した,draft,2026-06-10,2026-06-10,fact-card;chapter2;mexemp;shawcross,SRC_SHAWCROSS_2022_LAST_EMPEROR_MEXICO,Chapter 2 THE ARCHDUKE AND THE PRINCESS / 9 UNDER SIEGE,Kindle PC 285/400,No.4026/7062,スクリーンショット 2026-05-31 13.11.24.png,primary_testimony,probable,Salm-Salmは、退却時に帝政側兵士が混乱して逃げたと記録している。,Salm-Salmは、退却時に帝政側兵士が混乱して逃げたと記録している。,Source note: flying in disorder Japanese note: 直接引用部分に由来。,Cautions: Salm-Salm本人証言は立場性を考慮。 Verification needed: yes.,退却の恐怖と秩序崩壊に使える。,Prince Felix Salm-Salm,attempted breakout from Querétaro,Querétaro,imperial army,rout; eyewitness account,,
FACT_MEXEMP_2296,Salm-Salmは退却時損失を約250人と見積もった,draft,2026-06-10,2026-06-10,fact-card;chapter2;mexemp;shawcross,SRC_SHAWCROSS_2022_LAST_EMPEROR_MEXICO,Chapter 2 THE ARCHDUKE AND THE PRINCESS / 9 UNDER SIEGE,Kindle PC 285/400,No.4026/7062,スクリーンショット 2026-05-31 13.11.24.png,primary_testimony,probable,Salm-Salmは、退却時の恐慌の中で約250人が失われたと見積もった。,Salm-Salmは、退却時の恐慌の中で約250人が失われたと見積もった。,Source note: 250 men Japanese note: 損失数はSalm-Salm推計。,Cautions: 推計値であり、戦死・捕虜・離散の内訳は未確認。 Verification needed: yes.,損害の大きさを示す数値として使える。,Prince Felix Salm-Salm,attempted breakout from Querétaro,Querétaro,imperial army,casualties; retreat,,
FACT_MEXEMP_2297,共和派は南方脱出路を再び封鎖した,draft,2026-06-10,2026-06-10,fact-card;chapter2;mexemp;shawcross,SRC_SHAWCROSS_2022_LAST_EMPEROR_MEXICO,Chapter 2 THE ARCHDUKE AND THE PRINCESS / 9 UNDER SIEGE,Kindle PC 285/400,No.4026/7062,スクリーンショット 2026-05-31 13.11.24.png,historical_fact,probable,帝政側が元の陣地へ戻ると、共和派は自陣を再占拠し、南方からの脱出路を遮断した。,帝政側が元の陣地へ戻ると、共和派は自陣を再占拠し、南方からの脱出路を遮断した。,Source note: cutting off escape Japanese note: 初動勝利後の突破機会は失われた。,Cautions: 脱出路の地理は地図で確認。 Verification needed: yes.,包囲の再固定化として使える。,Mariano Escobedo,attempted breakout from Querétaro,Querétaro,republican forces; imperial army,encirclement; siege warfare,,
FACT_MEXEMP_2298,Salm-Salmは東方突破の可能性をなお信じていた,draft,2026-06-10,2026-06-10,fact-card;chapter2;mexemp;shawcross,SRC_SHAWCROSS_2022_LAST_EMPEROR_MEXICO,Chapter 2 THE ARCHDUKE AND THE PRINCESS / 9 UNDER SIEGE,Kindle PC 285/400,No.4026/7062,スクリーンショット 2026-05-31 13.11.24.png,primary_testimony,probable,Salm-Salmは、Escobedoが部隊を移動させた後で共和派線が弱くなった東方なら、小部隊が突破できる可能性があると考えていた。,Salm-Salmは、Escobedoが部隊を移動させた後で共和派線が弱くなった東方なら、小部隊が突破できる可能性があると考えていた。,Source note: break out to the east Japanese note: Salm-Salmの判断。,Cautions: 実際の可能性は別途軍事情勢で確認。 Verification needed: yes.,指揮官間の意見対立に使える。,Prince Felix Salm-Salm; Mariano Escobedo,attempted breakout from Querétaro,Querétaro,imperial army; republican forces,escape plan; military judgment,,
FACT_MEXEMP_2299,Maximilianは負傷者と市の運命を理由に東方突破を拒んだ,draft,2026-06-10,2026-06-10,fact-card;chapter2;mexemp;shawcross,SRC_SHAWCROSS_2022_LAST_EMPEROR_MEXICO,Chapter 2 THE ARCHDUKE AND THE PRINCESS / 9 UNDER SIEGE,Kindle PC 285/400,No.4026/7062,スクリーンショット 2026-05-31 13.11.24.png,primary_testimony,probable,Maximilianは、残される市や連れて行けない負傷者の運命を理由に、少数での東方突破案を拒んだとされる。,Maximilianは、残される市や連れて行けない負傷者の運命を理由に、少数での東方突破案を拒んだとされる。,Source note: wounded Japanese note: Maximilianの発言として紹介される。,Cautions: 発言原典未確認。美化された回想の可能性も留保。 Verification needed: yes.,名誉・責任・自己犠牲の人物造形に使える。,Maximilian; Prince Felix Salm-Salm,Siege of Querétaro,Querétaro,imperial army,wounded soldiers; imperial responsibility,,
FACT_MEXEMP_2300,Querétaroでは食糧事情がさらに悪化した,draft,2026-06-10,2026-06-10,fact-card;chapter2;mexemp;shawcross,SRC_SHAWCROSS_2022_LAST_EMPEROR_MEXICO,Chapter 2 THE ARCHDUKE AND THE PRINCESS / 9 UNDER SIEGE,Kindle PC 285/400,No.4026/7062,スクリーンショット 2026-05-31 13.11.24.png,historical_fact,probable,奪取した物資にもかかわらず、Querétaroではトルティーヤと豆を中心とする食糧が尽き、兵士は飢え始めた。,奪取した物資にもかかわらず、Querétaroではトルティーヤと豆を中心とする食糧が尽き、兵士は飢え始めた。,Source note: frijoles Japanese note: 奪取物資は持続的補給にはならなかった。,Cautions: 食糧不足の数量的裏取りが必要。 Verification needed: yes.,包囲下の日常悪化に使える。,,Siege of Querétaro,Querétaro,imperial army,starvation; siege logistics,,
FACT_MEXEMP_2301,帝政側兵士の脱走は一日十人から二十人規模になった,draft,2026-06-10,2026-06-10,fact-card;chapter2;mexemp;shawcross,SRC_SHAWCROSS_2022_LAST_EMPEROR_MEXICO,Chapter 2 THE ARCHDUKE AND THE PRINCESS / 9 UNDER SIEGE,Kindle PC 285/400,No.4026/7062,スクリーンショット 2026-05-31 13.11.24.png,historical_fact,probable,Querétaroでは脱走が深刻化し、毎日十人から二十人の兵士が共和派陣営へ越境した。,Querétaroでは脱走が深刻化し、毎日十人から二十人の兵士が共和派陣営へ越境した。,Source note: ten to twenty Japanese note: 共和派陣営が比較的食糧を持っていたことも示される。,Cautions: 脱走者数は推計か記録か要確認。 Verification needed: yes.,帝政側崩壊の進行を示す。,,Siege of Querétaro,Querétaro,imperial army; republican forces,desertion; morale collapse,,
FACT_MEXEMP_2302,公式発表はMárquez救援を主張したが町では信じられなくなった,draft,2026-06-10,2026-06-10,fact-card;chapter2;mexemp;shawcross,SRC_SHAWCROSS_2022_LAST_EMPEROR_MEXICO,Chapter 2 THE ARCHDUKE AND THE PRINCESS / 9 UNDER SIEGE,Kindle PC 285/400,No.4026/7062,スクリーンショット 2026-05-31 13.11.24.png,author_interpretation,probable,帝政側の公式発表はMárquezが救援に向かっていると維持したが、Querétaro市内では誰も信じなくなっていた。,帝政側の公式発表はMárquezが救援に向かっていると維持したが、Querétaro市内では誰も信じなくなっていた。,Source note: official bulletins Japanese note: 士気維持用発表の信用低下。,Cautions: 誰も信じないという叙述は一般化を含む。 Verification needed: yes.,宣伝と現実の乖離として使える。,Leonardo Márquez,Siege of Querétaro,Querétaro,Mexican Empire; official bulletins,propaganda; morale collapse; information control,,
FACT_MEXEMP_2303,戦闘・疾病・脱走により帝政側は塹壕維持が困難になった,draft,2026-06-10,2026-06-10,fact-card;chapter2;mexemp;shawcross,SRC_SHAWCROSS_2022_LAST_EMPEROR_MEXICO,Chapter 2 THE ARCHDUKE AND THE PRINCESS / 9 UNDER SIEGE,Kindle PC 285/400,No.4026/7062,スクリーンショット 2026-05-31 13.11.24.png,historical_fact,probable,継続する戦闘、疾病、脱走により帝政側兵力は減少し、塹壕を十分に守ることが困難になった。,継続する戦闘、疾病、脱走により帝政側兵力は減少し、塹壕を十分に守ることが困難になった。,Source note: man the trenches Japanese note: 包囲守備の維持能力が落ちている。,Cautions: 病気の種類や人数は未確認。 Verification needed: yes.,軍の消耗と限界の描写に使える。,,Siege of Querétaro,Querétaro,imperial army,manpower shortage; trench warfare; disease,,
FACT_MEXEMP_2304,馬を失った騎兵は兵数補填のため前線に出された,draft,2026-06-10,2026-06-10,fact-card;chapter2;mexemp;shawcross,SRC_SHAWCROSS_2022_LAST_EMPEROR_MEXICO,Chapter 2 THE ARCHDUKE AND THE PRINCESS / 9 UNDER SIEGE,Kindle PC 285/400,No.4026/7062,スクリーンショット 2026-05-31 13.11.24.png,historical_fact,probable,餓死で馬を失った騎兵は、兵数を補うため前線へ回された。,餓死で馬を失った騎兵は、兵数を補うため前線へ回された。,Source note: horses had died Japanese note: 騎兵の実質的歩兵化。,Cautions: どの騎兵部隊かは未確認。 Verification needed: yes.,包囲戦の物資欠乏を象徴する描写に使える。,,Siege of Querétaro,Querétaro,imperial army; cavalry,horse starvation; manpower shortage,,
FACT_MEXEMP_2305,Maximilianの食事は酢漬けの焼きラバ肉にまで落ちた,draft,2026-06-10,2026-06-10,fact-card;chapter2;mexemp;shawcross,SRC_SHAWCROSS_2022_LAST_EMPEROR_MEXICO,Chapter 2 THE ARCHDUKE AND THE PRINCESS / 9 UNDER SIEGE,Kindle PC 285/400,No.4026/7062,スクリーンショット 2026-05-31 13.11.24.png,historical_fact,probable,包囲下の食糧不足により、Maximilianの食事も酢で味付けした焼きラバ肉のような粗末なものになっていた。,包囲下の食糧不足により、Maximilianの食事も酢で味付けした焼きラバ肉のような粗末なものになっていた。,Source note: roast mule Japanese note: 皇帝食卓の窮乏。,Cautions: 食事描写は逸話性があるため裏取りが望ましい。 Verification needed: yes.,帝国の没落を食事で示せる。,Maximilian,Siege of Querétaro,Querétaro,Mexican Empire,food shortage; imperial decline,,
FACT_MEXEMP_2306,BlasioによればMiramónは猫肉パイの冗談を披露した,draft,2026-06-10,2026-06-10,fact-card;chapter2;mexemp;shawcross,SRC_SHAWCROSS_2022_LAST_EMPEROR_MEXICO,Chapter 2 THE ARCHDUKE AND THE PRINCESS / 9 UNDER SIEGE,Kindle PC 285/400,No.4026/7062,スクリーンショット 2026-05-31 13.11.24.png,primary_testimony,probable,Blasioによれば、ある夕食で客人がパイを食べている途中、Miramónがそれを猫肉であるかのように明かす冗談を言った。,Blasioによれば、ある夕食で客人がパイを食べている途中、Miramónがそれを猫肉であるかのように明かす冗談を言った。,Source note: Blasio Japanese note: 猫肉パイの逸話。,Cautions: 逸話として扱い、確定事実化しすぎない。 Verification needed: yes.,極限状況の黒い冗談として使える。,José Luis Blasio; Miguel Miramón; Maximilian,Siege of Querétaro,Querétaro,Mexican Empire,siege anecdote; food shortage; gallows humor,,
FACT_MEXEMP_2307,Shawcrossは猫肉パイ逸話の滑稽さを酒の存在と関連づけた,draft,2026-06-10,2026-06-10,fact-card;chapter2;mexemp;shawcross,SRC_SHAWCROSS_2022_LAST_EMPEROR_MEXICO,Chapter 2 THE ARCHDUKE AND THE PRINCESS / 9 UNDER SIEGE,Kindle PC 285/400,No.4026/7062,スクリーンショット 2026-05-31 13.11.24.png,author_interpretation,probable,Shawcrossは、食糧不足の一方でワインやシャンパンが残っていたことが、この猫肉パイの冗談をより滑稽にした可能性があると評している。,Shawcrossは、食糧不足の一方でワインやシャンパンが残っていたことが、この猫肉パイの冗談をより滑稽にした可能性があると評している。,Source note: champagne Japanese note: 著者の解釈を含む。,Cautions: 食料と酒の残存状況は別途確認。 Verification needed: yes.,退廃と窮乏の対比に使える。,Edward Shawcross; Maximilian; Miguel Miramón,Siege of Querétaro,Querétaro,Mexican Empire,irony; imperial decadence; siege anecdote,,
FACT_MEXEMP_2308,5月5日、共和派陣営ではPueblaでのフランス敗北記念が祝われた,draft,2026-06-10,2026-06-10,fact-card;chapter2;mexemp;shawcross,SRC_SHAWCROSS_2022_LAST_EMPEROR_MEXICO,Chapter 2 THE ARCHDUKE AND THE PRINCESS / 9 UNDER SIEGE,Kindle PC 285/400,No.4026/7062,スクリーンショット 2026-05-31 13.11.24.png,historical_fact,probable,5月5日、共和派陣営では1862年にPuebla郊外でフランス軍を破った記念日として祝賀が行われた。,5月5日、共和派陣営では1862年にPuebla郊外でフランス軍を破った記念日として祝賀が行われた。,Source note: May 5 Japanese note: Cinco de Mayoに相当する文脈。,Cautions: 祝賀の具体規模は要確認。 Verification needed: yes.,共和国側の歴史的記憶と士気の表現に使える。,,Battle of Puebla anniversary; Siege of Querétaro,Querétaro; Puebla,republican forces; Republic of Mexico; French army,republican memory; anti-French resistance,,
FACT_MEXEMP_2309,5月5日夜、共和派砲兵はQuerétaroへの砲撃を激化させた,draft,2026-06-10,2026-06-10,fact-card;chapter2;mexemp;shawcross,SRC_SHAWCROSS_2022_LAST_EMPEROR_MEXICO,Chapter 2 THE ARCHDUKE AND THE PRINCESS / 9 UNDER SIEGE,Kindle PC 285/400,No.4026/7062,スクリーンショット 2026-05-31 13.11.24.png,historical_fact,probable,5月5日夜、共和派砲兵は花火の代わりのように協調して砲撃を強め、Querétaro周辺の丘陵を砲火で照らした。,5月5日夜、共和派砲兵は花火の代わりのように協調して砲撃を強め、Querétaro周辺の丘陵を砲火で照らした。,Source note: firework display Japanese note: 祝賀と砲撃が結びついた描写。,Cautions: 砲数や砲撃強度は共和派側史料で確認。 Verification needed: yes.,視覚的に強い夜間砲撃場面に使える。,,May 5 bombardment; Siege of Querétaro,Querétaro,republican artillery; Republic of Mexico,artillery bombardment; psychological warfare,,
FACT_MEXEMP_2310,Querétaro市街はほぼ常時砲撃を受けていた,draft,2026-06-10,2026-06-10,fact-card;chapter2;mexemp;shawcross,SRC_SHAWCROSS_2022_LAST_EMPEROR_MEXICO,Chapter 2 THE ARCHDUKE AND THE PRINCESS / 9 UNDER SIEGE,Kindle PC 285/400,No.4026/7062,スクリーンショット 2026-05-31 13.11.24.png,historical_fact,probable,5月5日の砲撃は特に激しかったが、Querétaro市街はそれ以前からほぼ常時砲撃を受けていた。,5月5日の砲撃は特に激しかったが、Querétaro市街はそれ以前からほぼ常時砲撃を受けていた。,Source note: near-constant Japanese note: 砲撃は一夜限りではない。,Cautions: 民間被害の規模は要確認。 Verification needed: yes.,包囲都市の日常化した恐怖に使える。,,Siege of Querétaro,Querétaro,republican artillery; imperial army,urban bombardment; siege warfare,,
FACT_MEXEMP_2311,砲撃で女性や子どもも死傷した,draft,2026-06-10,2026-06-10,fact-card;chapter2;mexemp;shawcross,SRC_SHAWCROSS_2022_LAST_EMPEROR_MEXICO,Chapter 2 THE ARCHDUKE AND THE PRINCESS / 9 UNDER SIEGE,Kindle PC 285/400,No.4026/7062,スクリーンショット 2026-05-31 13.11.24.png,historical_fact,probable,Querétaroへの砲撃により、女性や子どもがしばしば殺され、または負傷したとされる。,Querétaroへの砲撃により、女性や子どもがしばしば殺され、または負傷したとされる。,Source note: women and children Japanese note: 民間人被害。,Cautions: 被害人数・具体事例は要確認。 Verification needed: yes.,包囲戦の非英雄的側面に使える。,,Siege of Querétaro,Querétaro,civilians of Querétaro; republican artillery,civilian casualties; war suffering,,
FACT_MEXEMP_2312,金を持つ市民は毎日帝政側への拠出を強いられた,draft,2026-06-10,2026-06-10,fact-card;chapter2;mexemp;shawcross,SRC_SHAWCROSS_2022_LAST_EMPEROR_MEXICO,Chapter 2 THE ARCHDUKE AND THE PRINCESS / 9 UNDER SIEGE,Kindle PC 285/400,No.4026/7062,スクリーンショット 2026-05-31 13.11.24.png,historical_fact,probable,Querétaroでまだ資金を持っていた市民は、毎日午後六時に帝政側司令部へ金銭拠出を行うよう強いられた。,Querétaroでまだ資金を持っていた市民は、毎日午後六時に帝政側司令部へ金銭拠出を行うよう強いられた。,Source note: six every afternoon Japanese note: 戦時徴発・強制拠出。,Cautions: 法的根拠・実施主体・対象範囲は要確認。 Verification needed: yes.,市民負担と帝政側財政難の描写に使える。,,Siege of Querétaro,Querétaro,Mexican Empire; imperial coffers; civilians of Querétaro,forced contributions; civilian burden; war finance,,
FACT_MEXEMP_2313,食糧と飼料はほぼ尽きていた,draft,2026-06-10,2026-06-10,fact-card;chapter2;mexemp;shawcross,SRC_SHAWCROSS_2022_LAST_EMPEROR_MEXICO,Chapter 2 THE ARCHDUKE AND THE PRINCESS / 9 UNDER SIEGE,Kindle PC 285/400,No.4026/7062,スクリーンショット 2026-05-31 13.11.24.png,historical_fact,probable,Querétaroでは食糧がほぼ尽き、馬やラバには配給がまったくない状態だった。,Querétaroでは食糧がほぼ尽き、馬やラバには配給がまったくない状態だった。,Source note: no rations Japanese note: 軍馬・輜重動物の維持不能。,Cautions: 期間と配給制度は要確認。 Verification needed: yes.,帝政軍崩壊の物資面の根拠に使える。,,Siege of Querétaro,Querétaro,imperial army,provisions; animal fodder; military logistics,,
FACT_MEXEMP_2314,Lópezは皇帝の馬の飼料を何とか確保していた,draft,2026-06-10,2026-06-10,fact-card;chapter2;mexemp;shawcross,SRC_SHAWCROSS_2022_LAST_EMPEROR_MEXICO,Chapter 2 THE ARCHDUKE AND THE PRINCESS / 9 UNDER SIEGE,Kindle PC 285/400,No.4026/7062,スクリーンショット 2026-05-31 13.11.24.png,historical_fact,probable,全体として飼料が尽きる中、LópezはMaximilianの馬のための飼料を何とか見つけていたとされる。,全体として飼料が尽きる中、LópezはMaximilianの馬のための飼料を何とか見つけていたとされる。,Source note: López Japanese note: 物資不足下でも皇帝用馬は特別扱いされた可能性。,Cautions: Lópezの行動評価は後の裏切り叙述と混同しない。 Verification needed: yes.,階層差・忠誠・のちのLópez像への伏線に使える。,Miguel López; Maximilian,Siege of Querétaro,Querétaro,Mexican Empire; imperial army,hierarchy; logistics; imperial privilege,,
FACT_MEXEMP_2315,帝政軍は脱出戦を行わなければ崩壊すると判断された,draft,2026-06-10,2026-06-10,fact-card;chapter2;mexemp;shawcross,SRC_SHAWCROSS_2022_LAST_EMPEROR_MEXICO,Chapter 2 THE ARCHDUKE AND THE PRINCESS / 9 UNDER SIEGE,Kindle PC 285/400,No.4026/7062,スクリーンショット 2026-05-31 13.11.24.png,author_interpretation,probable,食糧不足、兵力減少、脱走により、帝政軍は戦って脱出しなければ近く崩壊すると判断された。,食糧不足、兵力減少、脱走により、帝政軍は戦って脱出しなければ近く崩壊すると判断された。,Source note: disintegrate Japanese note: 次の軍議・再突破案につながる。,Cautions: 著者の総括的判断を含む。 Verification needed: yes.,最終局面への転換点に使える。,Maximilian; Miguel Miramón,Siege of Querétaro,Querétaro,imperial army,military collapse; breakout decision,,
